{"cameraMode":{"drawMode":0,"name":"Shaded","section":"Shading Mode"},"sceneLighting":true,"audioPlay":false,"sceneViewState":{"showFog":true,"showMaterialUpdate":true,"showSkybox":true,"showFlares":true,"showImageEffects":true,"showParticleSystems":true},"in2DMode":false,"pivot":{"x":359.8999938964844,"y":203.1999969482422,"z":-12.100000381469727},"rotation":{"x":-0.027291441336274148,"y":-0.03298444673418999,"z":0.0009010626818053424,"w":-0.9990829825401306},"size":210.41261291503907,"orthographic":false}