{"cameraMode":{"drawMode":24,"name":"Light Overlap","section":"Baked Global Illumination"},"sceneLighting":true,"audioPlay":false,"sceneViewState":{"showFog":true,"showMaterialUpdate":true,"showSkybox":false,"showFlares":true,"showImageEffects":true,"showParticleSystems":true},"in2DMode":false,"pivot":{"x":42.4776611328125,"y":26.687904357910158,"z":-9.689172744750977},"rotation":{"x":0.0727519765496254,"y":-0.04875678941607475,"z":0.0035158025566488506,"w":0.9961752891540527},"size":7.930930137634277,"orthographic":true}