{"cameraMode":{"drawMode":0,"name":"Shaded","section":"Shading Mode"},"sceneLighting":true,"audioPlay":false,"sceneViewState":{"showFog":true,"showMaterialUpdate":true,"showSkybox":true,"showFlares":true,"showImageEffects":true,"showParticleSystems":true},"in2DMode":false,"pivot":{"x":363.9098815917969,"y":197.2177734375,"z":-26.05290985107422},"rotation":{"x":0.013503563590347767,"y":0.9859020113945007,"z":-0.09941813349723816,"w":0.13391126692295075},"size":7.434815406799316,"orthographic":true}