{"cameraMode":{"drawMode":0,"name":"Shaded","section":"Shading Mode"},"sceneLighting":true,"audioPlay":false,"sceneViewState":{"showFog":true,"showMaterialUpdate":true,"showSkybox":true,"showFlares":true,"showImageEffects":true,"showParticleSystems":true},"in2DMode":false,"pivot":{"x":41.93718719482422,"y":21.688732147216798,"z":6.962444305419922},"rotation":{"x":-0.11286114901304245,"y":-0.0068549602292478088,"z":-0.0008170716464519501,"w":0.9936241507530212},"size":26.528358459472658,"orthographic":false}