{"cameraMode":{"drawMode":0,"name":"Shaded","section":"Shading Mode"},"sceneLighting":true,"audioPlay":false,"sceneViewState":{"showFog":true,"showMaterialUpdate":true,"showSkybox":true,"showFlares":true,"showImageEffects":true,"showParticleSystems":true},"in2DMode":false,"pivot":{"x":378.7839660644531,"y":200.9495849609375,"z":-27.389616012573243},"rotation":{"x":-0.010724111460149289,"y":-0.9842530488967896,"z":0.06416530907154083,"w":-0.16450132429599763},"size":41.03097915649414,"orthographic":false}