{"cameraMode":{"drawMode":0,"name":"Shaded","section":"Shading Mode"},"sceneLighting":true,"audioPlay":false,"sceneViewState":{"showFog":true,"showMaterialUpdate":true,"showSkybox":true,"showFlares":true,"showImageEffects":true,"showParticleSystems":true},"in2DMode":false,"pivot":{"x":-146.145263671875,"y":-92.09686279296875,"z":53.57777404785156},"rotation":{"x":-0.19792667031288148,"y":0.6758497357368469,"z":-0.19603396952152253,"w":-0.6823702454566956},"size":860.6355590820313,"orthographic":false}