{"cameraMode":{"drawMode":0,"name":"Shaded","section":"Shading Mode"},"sceneLighting":false,"audioPlay":false,"sceneViewState":{"showFog":true,"showMaterialUpdate":true,"showSkybox":false,"showFlares":true,"showImageEffects":true,"showParticleSystems":true},"in2DMode":false,"pivot":{"x":366.0433654785156,"y":196.02154541015626,"z":-8.300000190734864},"rotation":{"x":-0.2998194694519043,"y":0.688896894454956,"z":-0.3859504163265228,"w":-0.5354096293449402},"size":22.203874588012697,"orthographic":false}