{"cameraMode":{"drawMode":0,"name":"Shaded","section":"Shading Mode"},"sceneLighting":true,"audioPlay":false,"sceneViewState":{"showFog":true,"showMaterialUpdate":true,"showSkybox":true,"showFlares":true,"showImageEffects":true,"showParticleSystems":true},"in2DMode":false,"pivot":{"x":-37.860107421875,"y":-228.49557495117188,"z":3.6511688232421877},"rotation":{"x":-0.2572503387928009,"y":0.6762005686759949,"z":-0.2746486961841583,"w":-0.6333634257316589},"size":945.5682983398438,"orthographic":false}