{"cameraMode":{"drawMode":0,"name":"Shaded","section":"Shading Mode"},"sceneLighting":true,"audioPlay":false,"sceneViewState":{"showFog":true,"showMaterialUpdate":true,"showSkybox":true,"showFlares":true,"showImageEffects":true,"showParticleSystems":true},"in2DMode":false,"pivot":{"x":354.8734130859375,"y":207.71475219726563,"z":-14.3366060256958},"rotation":{"x":0.028593258932232858,"y":-0.7712339758872986,"z":0.03472874313592911,"w":0.6349661350250244},"size":321.1106872558594,"orthographic":false}