{"cameraMode":{"drawMode":0,"name":"Shaded","section":"Shading Mode"},"sceneLighting":true,"audioPlay":false,"sceneViewState":{"showFog":true,"showMaterialUpdate":true,"showSkybox":true,"showFlares":true,"showImageEffects":true,"showParticleSystems":true},"in2DMode":false,"pivot":{"x":286.75,"y":187.0596923828125,"z":16.800006866455079},"rotation":{"x":0.19884514808654786,"y":-0.6318392753601074,"z":0.17169718444347382,"w":0.7293539047241211},"size":2332.229248046875,"orthographic":false}