{"cameraMode":{"drawMode":0,"name":"Shaded","section":"Shading Mode"},"sceneLighting":false,"audioPlay":false,"sceneViewState":{"showFog":true,"showMaterialUpdate":true,"showSkybox":false,"showFlares":true,"showImageEffects":true,"showParticleSystems":true},"in2DMode":false,"pivot":{"x":360.1605529785156,"y":200.07823181152345,"z":-14.960000038146973},"rotation":{"x":0.02856651321053505,"y":0.9607102870941162,"z":-0.10764651745557785,"w":0.2544030249118805},"size":11.509272575378418,"orthographic":false}