{"cameraMode":{"drawMode":0,"name":"Shaded","section":"Shading Mode"},"sceneLighting":true,"audioPlay":false,"sceneViewState":{"showFog":true,"showMaterialUpdate":true,"showSkybox":true,"showFlares":true,"showImageEffects":true,"showParticleSystems":true},"in2DMode":false,"pivot":{"x":580.9000244140625,"y":307.03070068359377,"z":59.094383239746097},"rotation":{"x":-0.0008704433566890657,"y":-0.26036688685417178,"z":-0.00023621291620656848,"w":0.9655195474624634},"size":194.35870361328126,"orthographic":true}