{"cameraMode":{"drawMode":24,"name":"Light Overlap","section":"Baked Global Illumination"},"sceneLighting":false,"audioPlay":false,"sceneViewState":{"showFog":true,"showMaterialUpdate":true,"showSkybox":false,"showFlares":true,"showImageEffects":true,"showParticleSystems":true},"in2DMode":false,"pivot":{"x":41.754798889160159,"y":17.333465576171876,"z":-9.078819274902344},"rotation":{"x":-0.012289430014789105,"y":-0.9844828844070435,"z":0.07694419473409653,"w":-0.1572636216878891},"size":33.99397659301758,"orthographic":true}