{"cameraMode":{"drawMode":0,"name":"Shaded","section":"Shading Mode"},"sceneLighting":true,"audioPlay":false,"sceneViewState":{"showFog":true,"showMaterialUpdate":true,"showSkybox":true,"showFlares":true,"showImageEffects":true,"showParticleSystems":true},"in2DMode":false,"pivot":{"x":86.99341583251953,"y":-324.0869445800781,"z":-93.68766784667969},"rotation":{"x":-0.273354709148407,"y":0.7072292566299439,"z":-0.35243266820907595,"w":-0.5485435128211975},"size":945.5682983398438,"orthographic":false}