{"cameraMode":{"drawMode":0,"name":"Shaded","section":"Shading Mode"},"sceneLighting":true,"audioPlay":false,"sceneViewState":{"showFog":true,"showMaterialUpdate":true,"showSkybox":true,"showFlares":true,"showImageEffects":true,"showParticleSystems":true},"in2DMode":false,"pivot":{"x":357.6187438964844,"y":201.5550079345703,"z":-15.79145622253418},"rotation":{"x":0.5257847309112549,"y":0.3279147446155548,"z":-0.2297290861606598,"w":0.7505296468734741},"size":15.28852653503418,"orthographic":false}