{"cameraMode":{"drawMode":0,"name":"Shaded","section":"Shading Mode"},"sceneLighting":true,"audioPlay":false,"sceneViewState":{"showFog":true,"showMaterialUpdate":true,"showSkybox":true,"showFlares":true,"showImageEffects":true,"showParticleSystems":true},"in2DMode":false,"pivot":{"x":368.4565734863281,"y":197.8556365966797,"z":-13.710915565490723},"rotation":{"x":0.01367967575788498,"y":0.9304018616676331,"z":-0.034906450659036639,"w":0.3646200895309448},"size":4.458354473114014,"orthographic":true}