{"cameraMode":{"drawMode":0,"name":"Shaded","section":"Shading Mode"},"sceneLighting":false,"audioPlay":false,"sceneViewState":{"showFog":true,"showMaterialUpdate":true,"showSkybox":false,"showFlares":true,"showImageEffects":true,"showParticleSystems":true},"in2DMode":false,"pivot":{"x":366.8543701171875,"y":209.91000366210938,"z":-34.406978607177737},"rotation":{"x":0.01783045195043087,"y":0.9507389068603516,"z":-0.0556817501783371,"w":0.30444157123565676},"size":46.19950485229492,"orthographic":false}