{"cameraMode":{"drawMode":0,"name":"Shaded","section":"Shading Mode"},"sceneLighting":true,"audioPlay":false,"sceneViewState":{"showFog":true,"showMaterialUpdate":true,"showSkybox":true,"showFlares":true,"showImageEffects":true,"showParticleSystems":true},"in2DMode":false,"pivot":{"x":438.7245178222656,"y":200.2564239501953,"z":16.120471954345704},"rotation":{"x":0.0194249264895916,"y":-0.8178179860115051,"z":0.027055267244577409,"w":0.5746691226959229},"size":11.658227920532227,"orthographic":false}