{"cameraMode":{"drawMode":0,"name":"Shaded","section":"Shading Mode"},"sceneLighting":true,"audioPlay":false,"sceneViewState":{"showFog":true,"showMaterialUpdate":true,"showSkybox":true,"showFlares":true,"showImageEffects":true,"showParticleSystems":true},"in2DMode":false,"pivot":{"x":331.37738037109377,"y":203.09695434570313,"z":-45.39305877685547},"rotation":{"x":0.0018423876026645303,"y":0.9399437308311462,"z":-0.005073663778603077,"w":0.3412927985191345},"size":61.086124420166019,"orthographic":false}