{"cameraMode":{"drawMode":0,"name":"Shaded","section":"Shading Mode"},"sceneLighting":true,"audioPlay":false,"sceneViewState":{"showFog":true,"showMaterialUpdate":true,"showSkybox":true,"showFlares":true,"showImageEffects":true,"showParticleSystems":true},"in2DMode":false,"pivot":{"x":382.66839599609377,"y":197.24147033691407,"z":-10.619832038879395},"rotation":{"x":0.047429054975509647,"y":0.6934061050415039,"z":-0.04582931846380234,"w":0.7175381779670715},"size":20.828210830688478,"orthographic":false}