{"cameraMode":{"drawMode":0,"name":"Shaded","section":"Shading Mode"},"sceneLighting":true,"audioPlay":false,"sceneViewState":{"showFog":true,"showMaterialUpdate":true,"showSkybox":true,"showFlares":true,"showImageEffects":true,"showParticleSystems":true},"in2DMode":false,"pivot":{"x":362.6883544921875,"y":197.76824951171876,"z":-15.461225509643555},"rotation":{"x":-0.04129314422607422,"y":-0.9559686779975891,"z":0.16508269309997559,"w":-0.23911723494529725},"size":4.398024559020996,"orthographic":true}