{"cameraMode":{"drawMode":0,"name":"Shaded","section":"Shading Mode"},"sceneLighting":true,"audioPlay":false,"sceneViewState":{"showFog":true,"showMaterialUpdate":true,"showSkybox":true,"showFlares":true,"showImageEffects":true,"showParticleSystems":true},"in2DMode":false,"pivot":{"x":351.53472900390627,"y":228.86134338378907,"z":33.50841522216797},"rotation":{"x":-0.10789824277162552,"y":0.7602759599685669,"z":-0.13082477450370789,"w":-0.6271035671234131},"size":14.29440689086914,"orthographic":true}