{"cameraMode":{"drawMode":0,"name":"Shaded","section":"Shading Mode"},"sceneLighting":false,"audioPlay":false,"sceneViewState":{"showFog":true,"showMaterialUpdate":true,"showSkybox":false,"showFlares":true,"showImageEffects":true,"showParticleSystems":true},"in2DMode":false,"pivot":{"x":326.5954895019531,"y":204.14378356933595,"z":-22.81014633178711},"rotation":{"x":-0.0034193566534668209,"y":0.9624059200286865,"z":0.012129089795053006,"w":0.2713300883769989},"size":33.142417907714847,"orthographic":false}