{"cameraMode":{"drawMode":0,"name":"Shaded","section":"Shading Mode"},"sceneLighting":true,"audioPlay":false,"sceneViewState":{"showFog":true,"showMaterialUpdate":true,"showSkybox":true,"showFlares":true,"showImageEffects":true,"showParticleSystems":true},"in2DMode":false,"pivot":{"x":365.927978515625,"y":195.3146209716797,"z":-10.03250503540039},"rotation":{"x":0.13046392798423768,"y":0.799943208694458,"z":-0.18814510107040406,"w":0.5546961426734924},"size":21.461437225341798,"orthographic":false}