{"cameraMode":{"drawMode":0,"name":"Shaded","section":"Shading Mode"},"sceneLighting":true,"audioPlay":false,"sceneViewState":{"showFog":true,"showMaterialUpdate":true,"showSkybox":true,"showFlares":true,"showImageEffects":true,"showParticleSystems":true},"in2DMode":false,"pivot":{"x":359.19732666015627,"y":204.3744354248047,"z":-7.3490777015686039},"rotation":{"x":-0.28152549266815188,"y":-0.6697414517402649,"z":0.30659914016723635,"w":-0.6149734854698181},"size":20.634218215942384,"orthographic":false}