{"cameraMode":{"drawMode":0,"name":"Shaded","section":"Shading Mode"},"sceneLighting":true,"audioPlay":false,"sceneViewState":{"showFog":true,"showMaterialUpdate":true,"showSkybox":true,"showFlares":true,"showImageEffects":true,"showParticleSystems":true},"in2DMode":false,"pivot":{"x":267.0526123046875,"y":180.52691650390626,"z":-10.667295455932618},"rotation":{"x":0.05601685866713524,"y":-0.7370251417160034,"z":0.0608702227473259,"w":0.6709309816360474},"size":279.4627990722656,"orthographic":false}