{"cameraMode":{"drawMode":0,"name":"Shaded","section":"Shading Mode"},"sceneLighting":true,"audioPlay":false,"sceneViewState":{"showFog":true,"showMaterialUpdate":true,"showSkybox":true,"showFlares":true,"showImageEffects":true,"showParticleSystems":true},"in2DMode":false,"pivot":{"x":370.2206726074219,"y":206.41026306152345,"z":-7.482022762298584},"rotation":{"x":-0.024133509024977685,"y":-0.9703038930892944,"z":0.2147473394870758,"w":-0.10901827365159989},"size":23.08295249938965,"orthographic":false}