{"cameraMode":{"drawMode":0,"name":"Shaded","section":"Shading Mode"},"sceneLighting":true,"audioPlay":false,"sceneViewState":{"showFog":true,"showMaterialUpdate":true,"showSkybox":true,"showFlares":true,"showImageEffects":true,"showParticleSystems":true},"in2DMode":false,"pivot":{"x":355.781494140625,"y":204.71585083007813,"z":-22.79656219482422},"rotation":{"x":0.008965527638792992,"y":0.9703018665313721,"z":-0.03640357404947281,"w":0.23899255692958833},"size":41.01899337768555,"orthographic":false}