{"cameraMode":{"drawMode":0,"name":"Shaded","section":"Shading Mode"},"sceneLighting":false,"audioPlay":false,"sceneViewState":{"showFog":true,"showMaterialUpdate":true,"showSkybox":false,"showFlares":true,"showImageEffects":true,"showParticleSystems":true},"in2DMode":false,"pivot":{"x":372.0400085449219,"y":196.49000549316407,"z":-15.836954116821289},"rotation":{"x":-0.2998194694519043,"y":0.688896894454956,"z":-0.3859504163265228,"w":-0.5354096293449402},"size":11.127899169921875,"orthographic":false}