{"cameraMode":{"drawMode":0,"name":"Shaded","section":"Shading Mode"},"sceneLighting":true,"audioPlay":false,"sceneViewState":{"showFog":true,"showMaterialUpdate":true,"showSkybox":true,"showFlares":true,"showImageEffects":true,"showParticleSystems":true},"in2DMode":false,"pivot":{"x":359.86016845703127,"y":197.90782165527345,"z":-14.273892402648926},"rotation":{"x":0.012150083668529988,"y":0.9775081276893616,"z":-0.058720532804727557,"w":0.2022247612476349},"size":14.569375038146973,"orthographic":false}